5,Apple announces Fitness Plus virtual workouts,"Apple One will include virtual finesses classes as part of its bundle of subscription services, the company announced during its presentation today. You__l be able to follow along with the classes on your iPhone, iPad, or via Apple TV.",The Verge
5,Apple will release iOS 14 and iPadOS 14 on September 16th,"Apple__ next major software updates for the iPhone and iPad will start rolling out on September 16th. iOS 14 and iPadOS 14 include new ways of customizing the home screen, new Messages features like pinned conversations, and more.",The Verge
5,"Daily Deals: 33% Off The Last of Us Part 2 for PS4, Apple AirPods Pro for Under $200 - IGN",Save big on one of the best games for the PS4.,ign
5,"iOS 14 Review: Your iPhone Will Look Completely Different Now, if You Want","Apple__ latest mobile operating system doesn__ vary much on the surface, but new tricks like widgets and app organization can transform a phone",the-wall-street-journal
5,Daily Crunch: Facebook unveils the Oculus Quest 2,"Facebook makes its next steps in VR, Apple releases iOS 14 and the PlayStation 5 gets a launch date. This is your Daily Crunch for September 16, 2020. The big story: Facebook unveils the Oculus Quest 2 Facebook announced the smaller, more affordable follow-up to the Oculus Quest VR headset launchin_",techcrunch
4,The Israel-UAE Deal Would Benefit From a Biden Win,He_would be better placed than President Trump_to overcome Democratic resistance to crucial arms sales to the Emiratis.,Bloomberg
2,Will the Coronavirus Turn Out Green or Brown?,It__ too early to say what role the pandemic will play in the fight against climate change. But Europe could hold the key.,Bloomberg
1,Coach Doc Rivers says he'll take blame after LA Clippers eliminated from playoffs,"After the Clippers were eliminated from the playoffs on Tuesday, coach Doc Rivers said the team didn't meet expectations. ""That's the bottom line. I'm the coach and I'll take any blame for it,"" he said.",espn
1,Nuggets call for some 'respect' after upending Clippers in Game 7 to complete historic postseason comeback,"On coach Mike Malone's 49th birthday, the underdog Nuggets became the first team in NBA history to come back twice in one postseason from a 3-1 series deficit with a 104-89 win over the vaunted LA Clippers to reach the Western Conference finals.",espn
1,Bam Adebayo's stunning block preserves win for Miami Heat over Boston Celtics,"Bam Adebayo made a memorable block at the end of Tuesday's game against the Celtics, preserving a 117-114 overtime win.",espn
1,Boston Celtics' Kemba Walker says he needs to play better after loss to Miami Heat,"""I'm just playing terrible, to be honest,"" Kemba Walker said after finishing with 19 points, including 1-for-9 from 3-point range, in Boston's 117-114 OT loss to the Heat. ""Not much I can say, but, I have to be better.""",espn
1,Sources -- Saints expect WR Michael Thomas to miss game vs. Raiders,"The Saints expect Michael Thomas to miss Monday's game against the Raiders, but the wide receiver is not convinced he will miss the game.",espn
1,San Francisco 49ers condemn racist messages sent to Arizona Cardinals' Budda Baker,The San Francisco 49ers publicly condemned the person who sent racist messages to Arizona Cardinals safety Budda Baker and announced that they have begun an investigation into identifying the fan with the intention of banning them from future games.,espn
1,"Next for the LA Clippers - Paul George's future, and three key free agents","After their big disappointment, the Clippers have to figure out how much of this year's deep roster can be retained.",espn
4,"Trump's big lies reveal a truth: Right-wing science denial was never about ignorance, just cruelty",Conservatives have been gaslighting the public about science for decades. Now we're reaping the consequences,google-news
4,Trump mocks Biden as he shares an edited video of the Democrat candidate playing 'F*** the Police',"A grinning Biden played the song into a microphone after being introduced by its Puerto Rican-American singer Luis Fonsi at the event in Tampa, Florida.",google-news
4,Trump denies minimising Covid risk: I up-played it,The president said in an interview earlier this year he minimised the virus's severity to avoid panic.,bbc-news
2,Coronavirus pandemic: India's cases surge past five million,Live updates as the virus continues its spread in India and around the world.,bbc-news
4,Melania Trump: New metal statue unveiled in Slovenia,"A new bronze statue takes the place of the former wooden one, which was set on fire last year.",bbc-news
4,Trump fumbles during tough encounter with undecided voters,"President Donald Trump faced life outside his own political bubble on Tuesday, where his self-congratulation, buck passing and audacious falsehoods conspicuously failed to meet the moment when he was confronted by undecided voters.",cnn
4,"Voter to President Trump: Let me finish, sir - CNN Video","CNN's Don Lemon reacts to some moments from ABC's town hall with President Donald Trump where he was confronted by voters about a variety of issues, including the Covid-19 pandemic and healthcare.",cnn
4,Opinion: Trump's town hall didn't go well,"Scott Jennoings writes that Donald Trump's performance at a televised town hall in Philadelphia on Tuesday ""showed he is simply better in a pugilistic debate with an opponent than he is in addressing individual voters in a 'town hall' format.""",cnn
4,Cooper to Woodward: What you just said is pretty terrifying - CNN Video,"After many comprehensive interviews with President Trump for his new book, ""Rage,"" veteran journalist Bob Woodward tells CNN's Anderson Cooper the conclusion he came to about the President.",cnn
4,Sanders and Schumer call on McConnell to hold hearings to fight election conspiracy theories,Sen. Bernie Sanders of Vermont and Senate Democratic Leader Chuck Schumer of New York are calling on Majority Leader Mitch McConnell to create a new bipartisan committee focused on election integrity and schedule hearings to reassure Americans over a process President Donald Trump has repeatedly sought to undermine.,cnn
4,Analysis: This may be the most important difference between Trump and Biden,"The wildfires are on the West Coast, but haze from the smoke has reached New York City.",cnn
4,Baseless Trump retweet reflects new campaign low,"Less than two months before Election Day, President Donald Trump took his campaign tactics against Joe Biden to a new low, retweeting an image on Tuesday that baselessly accused the former vice president of being a pedophile.",cnn
4,Live updates: Trump says he couldn__ have done more to slow spread of coronavirus. Experts disagree.,"__ don__ think so. I think what I did by closing up the country, I think I saved two, maybe two and a half, maybe more than that, lives. I really don__ think so. I think we did a very good job,_ Trump said at a town hall hosted by ABC News.",the-washington-post
4,"Biden, Trump Draw Sharp Contrasts on Covid-19 Testing","The democratic presidential nominee favors a federally-led approach, while President Trump has put states in charge of coronavirus testing",the-wall-street-journal
2,"As Coronavirus Rebounds, Europe Rejects New Lockdowns","European countries bet on personal responsibility and targeted measures, instead of sweeping restrictions that froze their economies in the spring",the-wall-street-journal
1,Los Angeles Lakers' LeBron James sets record with 16th selection to All-NBA team,"LeBron James was named to a 16th All-NBA team Wednesday, breaking a tie with Tim Duncan, Kobe Bryant and Kareem Abdul-Jabbar for most in NBA history. He was joined on the first team by Giannis Antetokounmpo, James Harden, Luka Doncic and Anthony Davis.",espn
1,Los Angeles Dodgers heading to playoffs for eighth straight season,"The Dodgers beat the Padres 7-5 on Wednesday to clinch their eighth consecutive postseason berth, the third-longest streak in MLB history.",espn
1,Sources -- NCAA college basketball season will start Nov. 25,"Amid the coronavirus pandemic, the 2020-21 college basketball season will start on Nov. 25, sources told ESPN.",espn
1,Tampa Bay Buccaneers' Bruce Arians on Brett Favre's critique -- Tom Brady and I are 'fine',"Buccaneers coach Bruce Arians said Wednesday that he and Tom Brady ""are fine"" and he doesn't care what other people think about him calling out his quarterback.",espn
1,"Source: Michigan QB Dylan McCaffrey opting out of season, will seek transfer","Michigan quarterback Dylan McCaffrey is opting out of the 2020 season and will seek to transfer, a source told ESPN's Tom VanHaaren on Wednesday. McCaffrey played in six games in 2018 and seven last season, mainly in a backup role.",espn
1,Dallas Cowboys RB Ezekiel Elliott shows off 'Feed Me' tattoo on stomach,"Cowboys RB Ezekiel Elliott admitted that the location of his new 'Feed Me' tattoo -- on his stomach -- hurt more than the others he has. ""It was super painful,"" Elliott said.",espn
1,Fantasy football flex rankings for Week 2,"Trying to decide between a couple of closely ranked fantasy football players for Week 2? Eric Karabell ranks the top 100 RBs, WRs and TEs to make the decision easy for you.",espn
4,CDC head says masks are better than vaccine at preventing Covid spread as Trump sends mixed messages,President Donald Trump's own health officials continue to publicly contradict him when it comes to the coronavirus pandemic -- this time on the importance of mask wearing.,cnn
4,Dana Bash: What we just saw from President Trump was propaganda - CNN Video,"CNN's Dana Bash called President Donald Trump's coronavirus briefing ""propaganda"" after Trump contradicted his CDC director about the effectiveness of masks and the timeline of vaccine distribution.",cnn
2,Coronavirus update: Latest news from around the world,"The coronavirus pandemic has brought countries to a standstill. In many places, as countries reopen, Covid-19 cases are on the rise. Follow here for the latest.",cnn
4,Donald Trump has done 1 thing *really* well as President,"Donald Trump once pledged that, if elected president, he would put America first and spend no time at all worried about what the rest of the world thought about us. Mission accomplished!",cnn
4,CDC vs Trump on face masks and vaccines,The Centers for Disease Control director and US president give contrasting messages on coronavirus.,bbc-news
4,Trump Administration Pushes for U.S. Control of TikTok,"Treasury Secretary Steven Mnuchin, other U.S. officials have sought a U.S. ownership stake well above 50%",the-wall-street-journal
4,"Trump__ Promise to Revive Coal Thwarted by Falling Demand, Cheaper Alternatives","Production is declining at a faster rate than under Obama; still, many in the industry fear things would be even worse under Biden",the-wall-street-journal
4,CDC Chief Predicts Covid-19 Vaccine May Not Be Generally Available Until Next Summer,"President Trump counters, saying Robert Redfield may have been confused",the-wall-street-journal
4,Live updates: Biden says he trusts vaccines but not Trump as president contradicts CDC head,"__ don__ think so. I think what I did by closing up the country, I think I saved two, maybe two and a half, maybe more than that, lives. I really don__ think so. I think we did a very good job,_ Trump said at a town hall hosted by ABC News.",the-washington-post
2,"U.S. coronavirus cases and state maps: Tracking cases, deaths","The death toll from covid-19 began to rise steadily in early March, then more sharply as the disease spread to every state and most U.S. territories.",the-washington-post
2,Covid vaccine update: Tracking progress against coronavirus,"We are tracking 200 experimental vaccines aimed at ending the pandemic, a scientific quest moving at record-breaking speed.",the-washington-post
2,Asked and answered: What readers want to know about coronavirus,The Washington Post has catalogued questions about the novel coronavirus and provided a guide to help you find the answers.,the-washington-post
2,How to check into a hotel faster,There are apps for that _ and strategies that don__ require membership in loyalty programs.,the-washington-post
4,Analysis: Why it could be a Biden blowout in November,Poll of the week: A new ABC News/Washington Post poll from Minnesota finds Democratic presidential nominee Joe Biden with a 57% to 41% lead over President Donald Trump among likely voters.,cnn
4,Judge temporarily blocks US WeChat ban,A federal judge has temporarily blocked President Donald Trump's executive order banning WeChat downloads in the United States.,cnn
4,Trump mocks MSNBC anchor Ali Velshi for getting shot with rubber bullet,"President Donald Trump on Friday mocked an American news anchor for being shot with a rubber bullet during George Floyd protests in May, calling it a ""beautiful sight"" during a political rally in Minnesota.",cnn
4,Tapper presses White House official on Trump's rallies - CNN Video,"Admiral Brett Giroir, the White House official overseeing testing, told CNN's Jake Tapper that biology was independent of politics when asked if public health measures were contradicted by President Trump's rallies.",cnn
4,Opinion: Trump-Biden just got fiercer,"The death of Supreme Court Justice Ruth Bader Ginsburg Friday brought an outpouring of tributes for a freedom fighter whose determination and skill led to landmark changes in the law. It also immediately prompted a partisan battle over her replacement that is likely to supercharge the November election, already considered the most consequential in decades.",cnn
4,Trump is trying to rewrite history on the coronavirus. Here's the truth - CNN Video,CNN's Daniel Dale fact-checks President Donald Trump on his retelling of how the Covid-19 pandemic unfolded in the US.,cnn
1,"Los Angeles Dodgers clinch NL's top seed, 8th straight division title",The Los Angeles Dodgers clinched the National League's top postseason seed and eighth straight division title with a 7-2 victory over the Oakland Athletics on Tuesday.,espn
1,Chicago Bulls hire Billy Donovan as coach to replace Jim Boylen,"The Chicago Bulls have hired former Oklahoma City Thunder coach Billy Donovan as their next head coach, the team announced Tuesday.",espn
4,Bill Clinton: 'Superficially hypocritical' for Trump and Republicans to push to fill Supreme Court vacancy,"Former President Bill Clinton said Sunday it is ""superficially hypocritical"" for President Donald Trump and Senate Republicans to push to put a new justice on the Supreme Court before the November election.",cnn
4,"Bill Clinton: 'Superficially hypocritical' for Trump, McConnell to push to fill Ruth Bader Ginsburg's seat - CNN Video","Former President Bill Clinton said it is ""superficially hypocritical"" for President Donald Trump and Senate Republicans to push to put a new justice on the Supreme Court before the November election.",cnn
4,Trump__ WeChat Curbs Halted by Judge on Free Speech Concerns,,bloomberg
4,Trump Says Supreme Court Nominee Will Be a Woman,President plans to reveal his choice for Justice Ruth Bader Ginsburg__ replacement next week,the-wall-street-journal
4,Biden Leads Trump by 8 Points in New Wall Street Journal/NBC News Poll,"Respondents view president as better economic steward, Democrat as better on coronavirus",the-wall-street-journal
4,"Trump Signs Off on TikTok Deal With Oracle, Walmart",U.S. delays TikTok download ban in light of pending agreement,the-wall-street-journal
2,What It Would Take for Herd Immunity to Stop the Coronavirus Pandemic,"Wider community protection could be closer than we think, some experts say, but there are challenges, even with a vaccine",the-wall-street-journal
2,Russia Strikes Deals to Sell Its Coronavirus Vaccine Internationally,"Moscow is in various stages of talks and has received requests to supply as much as 1.2 billion doses of its vaccine, which is still in the trial phase",the-wall-street-journal
4,Republicans vow to replace Ginsburg with Trump pick,Senate leader Mitch McConnell said he will push ahead within hours of Supreme Court justice's death.,bbc-news
2,Coronavirus: Test rules set for Covid-19 African herbal remedies,"Sound science ""will be the sole basis"" for safe and effective therapies to be adopted, the WHO says.",bbc-news
4,President Trump reportedly has approved the Oracle deal for TikTok's US operations,"President Donald Trump said has has given his stamp of approval __n concept_ on the Oracle bid for the U.S. operations of the wildly popular social media app, TikTok, according to a report from Bloomberg. According to the Bloomberg report Trump said, __ have given the deal my bles_",techcrunch
1,Source -- Cleveland Browns have no plans to trade Odell Beckham Jr.,A source insisted to ESPN that the Browns had no plans to trade Odell Beckham Jr. before the wide receiver had an outstanding game in Thursday night's win against the Bengals.,espn
1,"Kansas City Chiefs coach Andy Reid to wear face shield again in Week 2, try out defogging product","Chiefs coach Andy Reid will once again wear a face shield during Sunday's game against the Chargers, but he will also use a product used by hockey players to defog their masks.",espn
1,"Celtics 'played with the right mentality' in Game 3 win following recent collapses, locker room outbursts","Following two straight collapses down the stretch to open the Eastern Conference finals -- and accompanying emotional outbursts in the locker room -- the Celtics ""persevered"" to win Game 3 and get themselves back into their series with the Heat.",espn
1,Colby Covington dominates Tyron Woodley by fifth-round TKO at UFC Fight Night,"Colby Covington dominated his grudge match with rival Tyron Woodley, rolling to a TKO victory in Round 5 of Saturday night's main event.",espn
1,Miami Heat's Jimmy Butler says playing from behind 'gets old',"Jimmy Butler said the Heat can't keep creating early deficits, especially against the Celtics, who led by as many as 20 and won Game 3, 117-106.",espn
1,Chicago Bears reach 3-year extension with RB Tarik Cohen,"The Chicago Bears and running back Tarik Cohen have agreed to a three-year extension worth $17.25 million, his agent told ESPN's Adam Schefter.",espn
1,"Fantasy Football Cheat Sheet - NFL Week 2 tips on start, sit, stream and more","The best fantasy football advice and relevant information for Week 2 in the NFL from our ESPN experts, all in one place.",espn
4,"Election live updates: Biden, Trump headed to Minnesota as early voting begins","The Democratic challenger will appear Friday at union hall in Duluth, Minn., while the Republican incumbent plans to stage a rally in Bemidji, Minn. They are appearing in a state Hillary Clinton narrowly won in 2016.",the-washington-post
2,"Live updates: Three-quarters of Americans worry over vaccine haste, as global coronavirus cases top 30 million","The share of Americans who would be willing to get a coronavirus vaccine if it were available today has dropped significantly from a few months ago, according to a new survey from Pew Research Center.",the-washington-post
1,"New York Giants' Saquon Barkley carried off, won't come back",Giants running back Saquon Barkely had to be carried off the field and has been ruled out against the Bears.,espn
1,San Francisco 49ers DE Nick Bosa gets carted off with leg injury,Niners defensive end Nick Bosa was carted off Sunday with a leg injury.,espn
1,"Clemson remains No. 1 in AP poll; Alabama, LSU each get 1 first-place vote","Clemson holds on to the top spot, garnering 59 of 61 first-place votes in the AP poll.",espn
1,Washington Football Team owner Daniel Snyder and wife in quarantine,Washington owner Daniel Snyder and his wife are in quarantine after coming in contact with someone with coronavirus.,espn
1,Broncos QB Drew Lock exits game with injury to throwing shoulder,"In a season that has already been a difficult one in terms of injuries for the Broncos, QB Drew Lock's name was added to the list Sunday as he left the game with an injury to his throwing shoulder.",espn
1,Tadej Pogacar wins COVID-defying Tour de France,Tour de France rookie Tadej Pogacar is the second youngest to win the event and the youngest since World War II.,espn
1,NFL Week 2 best bets -- Picks for every Sunday late game,Looking for the best betting value in Week 2 of the NFL season? We have at least one play for each and every game.,espn
4,Trump to Nominate Woman to Supreme Court Next Week,Democrats object to filling Ruth Bader Ginsburg vacancy before presidential election,the-wall-street-journal
4,Trump administration__ WeChat ban is blocked by U.S. district court,"A few days ago, the U.S. Commerce Department published a series of rules that aimed to block the downloading of TikTok and WeChat by American users, following an executive order signed by President Trump back in August. TikTok got a last minute reprieve yesterday following its signing of an investm_",techcrunch
4,Higher Earners Are More Likely to Be __hy_ Trump Voters,"New survey finds that people in households making $75,000 a year and more seem to play down their support for the president when polled by phone",bloomberg
1,Red-hot Russell Wilson tosses five TDs in Seahawks' win,"Russell Wilson tied a career-high with five touchdown passes on Sunday, giving him nine total through two games.",espn
1,Anthony Davis channels Kobe Bryant with game-winning 3 to put Lakers up 2-0 in West finals,"As the Nuggets mounted a comeback in Sunday's Game 2, the Lakers needed only to look at their jerseys -- featuring the ""Black Mamba"" design that Kobe Bryant helped design years ago -- to remind themselves that it was time to ""make big-time plays.""",espn
1,Deion Sanders announces he'll be Jackson State's next head football coach,"Pro Football Hall of Fame inductee Deion Sanders will be the next head football coach at Jackson State, he announced on his new podcast, 21st & Prime, on Sunday.",espn
1,New England Patriots RB James White inactive after father killed in car crash,"New England Patriots running back James White's father, Tyrone, died in a car accident Sunday, the Miami-Dade Police Department confirmed. White was inactive for the team's game against the Seattle Seahawks.",espn
1,Bryson DeChambeau wins U.S. Open for first major title,Bryson DeChambeau was the only player under par in the final round at Winged Foot as he cruised to a U.S. Open victory.,espn
1,"Justin Herbert impresses in NFL debut, but Tyrod Taylor still Chargers' starter if healthy","With Chargers starter Tyrod Taylor experiencing chest pain that necessitated a trip to the hospital, rookie QB Justin Herbert was pressed into action against the defending Super Bowl champion Chiefs and impressed in his surprising NFL debut.",espn
1,Best bets for Monday Night Football - Saints at Raiders,Week 2 wraps up with the Raiders' first game at their new home in Las Vegas. Here are our experts' best bets for the game.,espn
4,"Biden Leads Trump Among Latino Voters, Poll Shows","President__ support among Latinos roughly in line with his standing in 2016, according to WSJ/NBC/Telemundo poll",the-wall-street-journal
2,"Fresh Surge in U.S. Coronavirus Cases Is Feared as Death Toll Nears 200,000","Twelve states reported at least 1,000 new confirmed cases on Saturday, led by California and Texas",the-wall-street-journal
4,'Like golden nuggets': President Donald Trump on federal judge vacancies - CNN Video,"President Donald Trump repeatedly boasted to journalist Bob Woodward about the number of judges he has appointed to the federal bench during several of their interviews for Woodward's book ""Rage."" CNN's Anderson Cooper discusses those conversations with the renowned journalist.",cnn
4,Fact check: Biden falsely claims Trump campaign only asked him for Supreme Court list after Ruth Bader Ginsburg died,Former Vice President Joe Biden made false claims in a Sunday speech in which he urged Senate Republicans to let the winner of the presidential election fill the Supreme Court vacancy left by the death of Justice Ruth Bader Ginsburg on Friday.,cnn
4,Opinion: The Democrats' response to RBG's death should terrify Trump,"Democrats have already begun channeling their pain at losing RBG into action, pouring a record-breaking number of donations to Democratic candidates and causes, writes Dean Obeidallah. ""The evidence shows that voters want to honor RBGs' legacy by supporting Democrats to defeat Trump and his GOP enablers. For now, those donors seem to be winning the day _ big time.""",cnn
4,Woman suspected of sending poisoned letter to Trump arrested,"A woman suspected of sending a letter containing the poison ricin to President Donald Trump was arrested as she tried to enter the US from Canada at a border crossing in New York state, a US law enforcement official said.",cnn
4,Biden: Trump's Supreme Court plan an abuse of power,The Democratic presidential nominee says it is wrong to replace Justice Ginsburg before the election.,bbc-news
1,"After another key performance, Denver Nuggets coach Michael Malone dubs Jamal Murray a superstar","""We have two superstars in Nikola and Jamal,"" Nuggets coach Michael Malone said after Tuesday's win over the Lakers. Jamal Murray had 28 points and 12 assists in the 114-106 win. Nikola Jokic added 22 points and 10 rebounds.",espn
1,"Los Angeles Dodgers clinch NL's top seed, 8th straight division title",The Los Angeles Dodgers clinched the National League's top postseason seed and eighth straight division title with a 7-2 victory over the Oakland Athletics on Tuesday.,espn
1,Chicago Bulls hire Billy Donovan as coach to replace Jim Boylen,"The Chicago Bulls have hired former Oklahoma City Thunder coach Billy Donovan as their next head coach, the team announced Tuesday.",espn
1,"Source - Raiders' Jon Gruden, Saints' Sean Payton fined $100K for violating mask protocols","Raiders coach Jon Gruden, who revealed that he had previously contracted COVID-19, and Saints coach Sean Payton were each fined $100,000 by the NFL for not wearing masks on the sideline during Monday night's game, a source told ESPN's Adam Schefter.",espn
1,"New York Giants adding Devonta Freeman on 1-year, $3 million deal","The Giants are signing former Pro Bowler Devonta Freeman after losing Saquon Barkley for the season, with the expectation he could play as soon as Sunday.",espn
1,Falcons' Hayden Hurst shares support for Cowboys' Dak Prescott speaking on mental health - 'I've got nothing but respect for him',"Falcons TE Hayden Hurst said he approached Cowboys QB Dak Prescott after Sunday's game to express his support in the wake of what Hurst called ""disgusting"" comments made by FS1's Skip Bayless about Prescott's opening up about his mental health.",espn
1,Fantasy football rankings for rest of 2020 NFL season - Should you trade for Christian McCaffrey?,Injuries around the NFL have sidelined the top two players taken in many drafts. We have rankings for the rest of the 2020 season to help you evaluate roster needs and assess trade offers.,espn
4,Fight over Supreme Court already shaking up Senate races,"The brawl over Justice Ruth Bader Ginsburg's successor began before her body was buried. Within hours of her death on Friday, Senate Majority Leader Mitch McConnell said, ""President Trump's nominee will receive a vote on the floor of the United States Senate.""",cnn
4,Democrats weigh how to handle Trump's potential Supreme Court pick after past flap over Barrett's faith,"In a tense exchange between Amy Coney Barrett and Sen. Dianne Feinstein in 2017, the California Democrat sharply questioned whether the judicial nominee could separate her Catholic views from her legal opinions.",cnn
4,Trump court announcement set for Saturday as Amy Coney Barrett emerges as a favorite,"President Donald Trump said Tuesday he plans to announce his new Supreme Court nominee at 5 p.m. on Saturday, claiming that the country will need all nine justices in order to decide on the legality of mail-in ballots following the November elections.",cnn
4,Analysis: Mitch McConnell is going to win (again),"We won't even know who President Donald Trump's pick to replace the late Ruth Bader Ginsburg on the Supreme Court will be until late this week, but we know now for (almost) certain that Senate Majority Leader Mitch McConnell (R-Kentucky) has the votes to confirm the pick to the court.",cnn
4,Erin Burnett: Here is what keeps Trump up at night - CNN Video,CNN's Erin Burnett fact checks the White House claim that President Trump is kept up at night by every coronavirus death.,cnn
4,Analysis: A bubble of self-delusion in Washington,"""Just remember, what you're seeing and what you're reading is not what's happening,"" Donald Trump told supporters in 2018. On Monday, as the terrible milestone of 200,000 Covid-19 deaths loomed, the US President put his motto into action.",cnn
4,Trump again minimizes the pandemic as officials warn of a fall surge,A new clash between Donald Trump's political goals and his duties to public health threatens to deprive America of presidential leadership in the critical weeks that will decide if a second wave of Covid-19 swamps the country this winter.,cnn
4,US-China tensions flare at UN General Assembly,President Trump blames China for the Covid-19 outbreak amid warnings of a Cold War between the two.,bbc-news
4,'I'm tired of people putting down our president',Trump supporters in liberal towns organise truck convoys to foster solidarity among conservatives.,bbc-news
4,Republicans seal vote to replace Justice Ginsburg,Senator Mitt Romney of Utah has said he would support a vote on President Trump's court nominee.,bbc-news
4,GOP Senators Push to Confirm Trump__ Supreme Court Nominee by Election Day,Republicans back speedy schedule aimed at filling vacancy before Nov. 3; president says he will announce nominee at 5 p.m. on Saturday,the-wall-street-journal
2,"U.S. Coronavirus Death Toll Tops 200,000",Grim milestone is reached as some guidelines and practices for stopping the disease__ spread have been questioned,the-wall-street-journal
2,Nike__ Sales Bounce Back From Coronavirus Slide,Sneaker giant posts flat quarterly revenue as jump in digital sales offsets in-store declines,the-wall-street-journal
2,Coronavirus updates: UK PM warns of 'unquestionably difficult winter',Boris Johnson has urged people to follow new coronavirus restrictions in a televised address.,bbc-news
4,Justice Ruth Bader Ginsburg Commemorations Begin in Washington,President Trump plans to announce Saturday a nominee to succeed the groundbreaking jurist,the-wall-street-journal
4,Government Reviewer of John Bolton Book Describes Unprecedented White House Intervention,Official who examined former national security adviser__ book for classified information said Trump administration lawyers asked her to sign misleading statements,the-wall-street-journal
4,"Hunter Biden__ Ukraine Work Raised Concerns With Obama Officials, GOP-Led Probe Confirms",Findings don__ support Trump__ accusation that Joe Biden sought to remove a prosecutor to protect a gas firm whose board Hunter Biden served on,the-wall-street-journal
1,"Chargers QB Tyrod Taylor's lung punctured by team doc, sources say","A Chargers team doctor accidentally punctured Tyrod Taylor's lung just before kickoff Sunday while trying to administer a pain-killing injection, leading to the quarterback missing the team's game against the Chiefs, sources told ESPN.",espn
1,Chicago Bears Hall of Fame running back Gale Sayers dies at age 77,Bears Hall of Fame running back Gale Sayers has died at age 77.,espn
1,Notre Dame-Wake Forest football rescheduled for Dec. 12 after coronavirus postponement,"After Saturday's game was postponed because of COVID-19 positives on the Irish football team, the makeup date for Notre Dame's rescheduled game against Wake Forest will be Dec. 12, the ACC announced Wednesday.",espn
1,USF pauses football while waiting for coronavirus test results,"South Florida is pausing football to await coronavirus test results after playing Notre Dame, which has had an outbreak.",espn
1,Georgia disputes ex-safety Otis Reese's claim of racial insensitivity,"Former Bulldogs safety Otis Reese wrote that his time at Georgia ""took a devastating mental toll"" on him, while the Georgia Athletics Association is disputing that it maintains an ""unsafe, unsupportive, or racially insensitive environment.""",espn
1,Fantasy football Week 3 shadow report - Key WR/CB matchups,"Find out which receivers to upgrade, downgrade and avoid for Week 3 in fantasy football, plus a full cheat sheet breaking down every matchup.",espn
5,"Daily Deals: 33% Off The Last of Us Part 2 for PS4, Apple AirPods Pro for Under $200 - IGN",Save big on one of the best games for the PS4.,ign
5,"iOS 14 Review: Your iPhone Will Look Completely Different Now, if You Want","Apple__ latest mobile operating system doesn__ vary much on the surface, but new tricks like widgets and app organization can transform a phone",the-wall-street-journal
5,Daily Crunch: Facebook unveils the Oculus Quest 2,"Facebook makes its next steps in VR, Apple releases iOS 14 and the PlayStation 5 gets a launch date. This is your Daily Crunch for September 16, 2020. The big story: Facebook unveils the Oculus Quest 2 Facebook announced the smaller, more affordable follow-up to the Oculus Quest VR headset launchin_",techcrunch
5,On lying AIs,"A yellow-eyed cat tilts its eyes at the camera, gazing up from a grey bedspread. __ondon Trip_, is the AI__ title for this photo-montage __emory_ plucked from the depths of my iPhone camera-roll. It__ selected a sad score of plinking piano and sweeping violin. Th_",techcrunch
5,"This Week in Apps: iOS 14's surprise arrival, Apple's app bundle, TikTok & WeChat banned from app stores Sunday","Welcome back to This Week in_Apps,_the TechCrunch series that recaps the latest OS news, the applications they support and the money that flows through it all. The app industry is as hot as ever, with_a record_204 billion downloads and $120 billion in consumer spending in 2019. People are now_spend_",techcrunch
5,"Thanks to Google, app store monopoly concerns have now reached India","Last week, as Epic Games, Facebook, and Microsoft continued to express concerns about Apple__ __onopolistic_ hold over what a billion people can download on their iPhones, a similar story unfolded in India, the world__ second largest internet market, between a giant developer and the operator of th_",techcrunch
5,Apple partner Servify raises $23 million to expand its devices after-sales and management platform overseas,"Servify, a Mumbai-headquartered startup that operates a device lifecycle management platform and works deeply with brands including Apple and Samsung in a number of geographies, has raised $23 million in a new financing round. The Series C financing round for the five-year-old startup was led by ex_",techcrunch
5,Apple launches its online store in India,"For the first time in more than 20 years since Apple began its operations in India, the iPhone-maker has started selling its products directly to consumers in the world__ second largest smartphone market. Apple launched its online store in India on Wednesday, which in addition to offering nearly th_",techcrunch
5,The eighth-generation iPad is a fine choice for casual users,"It happens to the best of us. Some newer, flashier model comes along and we__e no longer the latest and greatest new thing. The iPad__ had a plenty good run, of course. Ten years ago, the device redefined what a tablet is and has maintained a dominant spot atop the category, as countless competitor_",techcrunch
5,US Border Patrol seized OnePlus Buds as 'counterfeit Apple AirPods',"In what looks like an embarrassing error, US Customs and Border Protection (CPB) has seized a shipment of OnePlus Buds, believing they were _2,000 counterfeit Apple AirPods,_ as spotted by The Verge. __PB officers at JFK Airport recently seized 2,000 counterf_",Engadget
5,Daily Crunch: Apple launches __xposure Notification Express_ for COVID-19,"Apple and Google are adding support for app-less exposure notifications, Facebook says it might block news sharing in Australia and Samsung has a new foldable phone. This is your Daily Crunch for September 1, 2020. The big story: Apple launches __xposure Noti_",TechCrunch
5,How to Enable 'Express' COVID-19 Exposure Notifications in iOS 13.7,"Apple rolled out iOS 13.7 today. Update your device, and you__l now be able to see if your state supports the COVID-19 Exposure Notifications Express system. More importantly, you__l be able to opt-in to receiving these alerts without having to find and set u_",Lifehacker.com
5,"Apple introduces the Apple Watch SE, a cheaper Apple Watch","In addition to keeping old generation devices at an entry-level price, Apple is introducing a brand new Apple Watch at a cheaper price point. The new Apple Watch SE features the same design as the newly announced Apple Watch Series 6. But it costs $279. __he _",TechCrunch
5,"Apple One bundle offers Arcade, Music, TV+ and iCloud for $15 a month","At its September event today, Apple officially announced its __pple One_ subscription bundle: a combination of Apple Arcade, Apple Music, Apple TV+ and iCloud (50GB) for $14.95 a month.  It__ $19.95 per month, but it includes 200GB of iCloud storage.  If you _",Engadget
5,"Everything Apple Announced: Apple Watch 6, Apple Watch SE, iPad Air, Fitness+","There are two new wearables, two new iPads, and a whole bunch of bundled subscription services.",Wired
5,Watch Apple__ __ime Flies_ event here at 1PM ET,"Apple has been hosting annual iPhone press conferences in September since 2012, but this year is understandably different. While Apple is holding a big launch event today, we probably won__ learn much about the upcoming iPhone 12 series, which has been delaye_",Engadget
5,Apple will let Epic Games users 'sign in with Apple' for a bit longer,"A day before Apple was set to shut down the __ign in with Apple_ prompt for Epic Games users, the company has retreated on its threat. Apple issued an indefinite extension on the matter, meaning for now, Epic Games players can still use __ign in with Apple,_ _",Engadget
5,Here's everything Apple announced at its 'Time Flies' event,"Apple didn__ announce any new iPhones at its latest keynote but it still had plenty of new devices to share, including two new Watch models, and an iPad Air that features a new design. The company also detailed its new Apple One subscription bundles and Fitne_",Engadget
5,Apple will stop letting Epic Games use __ign in with Apple_ on September 11th,"As of September 11th, Apple will no longer allow users to sign into Epic Games accounts using __ign in with Apple._ If you__e using the Apple sign-in feature, make sure to update your Epic Games account email and password before Friday. Apple will no longer a_",Engadget
5,Apple __ime Flies_ 2020 live blog,"At its event, Apple is expected to announce the Apple Watch Series 6, a lower-cost Apple Watch, and a new version of the iPad Air. The iPhone 12 will have to wait until October.",The Verge
5,The Apple Watch doesn't come with a power adapter anymore,"Leading into this fall, plenty of rumors swirled around Apple shipping its next iPhones without a power adapter brick. We don__ yet know if that__l be the case, but today__ Apple event gave us a pretty good sign: all models of the Apple Watch, including the n_",Engadget
5,Apple calls Epic lawsuit a 'campaign to reinvigorate interest in Fortnite',"Apple isn__ holding back in its legal battle with Epic Games. In response to Epic__ request for a preliminary injunction that would force Apple to bring Fortnite back to the App Store, Apple filed a 37-page opposition. The official court document slams Epic r_",Engadget
5,The Apple Watch SE costs $279,"Alongside the Watch Series 6 that we all knew was coming, Apple also unveiled a more affordable alternative at its __ime Flies_ event today. The Apple Watch SE is a $279 smartwatch for those who can__ or don__ want to splurge on the flagship wearable. While i_",Engadget
5,AppleCare+ now covers two incidents of accidental damage per year,"Amid all the Watch and iPad news Apple just dropped, it quietly updated its AppleCare+ policies to make them more generous. The service will now cover two incidents of accidental damage every 12 months, instead of two incidents every 24 months. As MacRumors n_",Engadget
5,Apple releases iOS 13.7 with support for new automatic COVID-19 notification system,"Apple on Tuesday released its latest iOS update, version 13.7, with support for Apple and Google__ new exposure notification system for powering COVID-19 contact tracking.",The Verge
5,Is the Apple One Bundle Worth the Cost?,"The long-anticipated bundle of Apple services is here: Apple One. And while paying a reasonable amount for a few services sounds like a great deal on paper, especially if you__e already a subscriber, it__ always good to remember the following advice. If you___",Lifehacker.com
5,How to Prep Your Devices for iOS 14 and watchOS 7 Today,"Ah, finally. It__ time for Apple__ latest operating systems for iPhone, iPad, Apple Watch, and Apple TV to release to the masses. Public betas, be damned. They should, in theory, arrive around 10 a.m. PT today, but there are a few things you might want to do _",Lifehacker.com
5,The Apple TV app is now available on Vizio SmartCast TVs,"If you own a Vizio TV, you may have felt left out watching sets from manufacturers like Samsung and LG get access to Apple TV. But now you too can use the software on your television. Starting today, the Apple TV app _ through which you can access_Apple TV+___",Engadget
5,Apple experiments with 'Express' store to limit COVID risks,"Apple is experimenting with how its stores work in the wake of COVID-19, creating a new format of store called Apple Express. 9to5Mac reports that the format is currently being trialled at the company__ location in Burlingame, California. The existing store h_",Engadget
5,Apple says its new Apple One services bundle isn__ unfair to Spotify,Spotify _ the music service whose complaints helped launch two official EU antitrust investigations into Apple__ App Store and Apple Pay practices _ has taken offense at Apple__ announcement of an all-in-one subscription bundle that includes its rival Apple M_,The Verge
5,Apple Flinched,"Facebook initiated one of the pettiest corporate feuds against Apple__ supposedly privacy-centric new features, and today Apple capitulated. Read more...",Gizmodo.com
5,Apple announces Fitness Plus virtual workouts,"Apple One will include virtual finesses classes as part of its bundle of subscription services, the company announced during its presentation today. You__l be able to follow along with the classes on your iPhone, iPad, or via Apple TV.",The Verge
5,Apple will release iOS 14 and iPadOS 14 on September 16th,"Apple__ next major software updates for the iPhone and iPad will start rolling out on September 16th. iOS 14 and iPadOS 14 include new ways of customizing the home screen, new Messages features like pinned conversations, and more.",The Verge
5,"Daily Deals: 33% Off The Last of Us Part 2 for PS4, Apple AirPods Pro for Under $200 - IGN",Save big on one of the best games for the PS4.,ign
5,"iOS 14 Review: Your iPhone Will Look Completely Different Now, if You Want","Apple__ latest mobile operating system doesn__ vary much on the surface, but new tricks like widgets and app organization can transform a phone",the-wall-street-journal
5,Daily Crunch: Facebook unveils the Oculus Quest 2,"Facebook makes its next steps in VR, Apple releases iOS 14 and the PlayStation 5 gets a launch date. This is your Daily Crunch for September 16, 2020. The big story: Facebook unveils the Oculus Quest 2 Facebook announced the smaller, more affordable follow-up to the Oculus Quest VR headset launchin_",techcrunch
5,On lying AIs,"A yellow-eyed cat tilts its eyes at the camera, gazing up from a grey bedspread. __ondon Trip_, is the AI__ title for this photo-montage __emory_ plucked from the depths of my iPhone camera-roll. It__ selected a sad score of plinking piano and sweeping violin. Th_",techcrunch
5,"This Week in Apps: iOS 14's surprise arrival, Apple's app bundle, TikTok & WeChat banned from app stores Sunday","Welcome back to This Week in_Apps,_the TechCrunch series that recaps the latest OS news, the applications they support and the money that flows through it all. The app industry is as hot as ever, with_a record_204 billion downloads and $120 billion in consumer spending in 2019. People are now_spend_",techcrunch
5,"Thanks to Google, app store monopoly concerns have now reached India","Last week, as Epic Games, Facebook, and Microsoft continued to express concerns about Apple__ __onopolistic_ hold over what a billion people can download on their iPhones, a similar story unfolded in India, the world__ second largest internet market, between a giant developer and the operator of th_",techcrunch
5,Apple partner Servify raises $23 million to expand its devices after-sales and management platform overseas,"Servify, a Mumbai-headquartered startup that operates a device lifecycle management platform and works deeply with brands including Apple and Samsung in a number of geographies, has raised $23 million in a new financing round. The Series C financing round for the five-year-old startup was led by ex_",techcrunch
5,Apple launches its online store in India,"For the first time in more than 20 years since Apple began its operations in India, the iPhone-maker has started selling its products directly to consumers in the world__ second largest smartphone market. Apple launched its online store in India on Wednesday, which in addition to offering nearly th_",techcrunch
5,The eighth-generation iPad is a fine choice for casual users,"It happens to the best of us. Some newer, flashier model comes along and we__e no longer the latest and greatest new thing. The iPad__ had a plenty good run, of course. Ten years ago, the device redefined what a tablet is and has maintained a dominant spot atop the category, as countless competitor_",techcrunch
5,US Border Patrol seized OnePlus Buds as 'counterfeit Apple AirPods',"In what looks like an embarrassing error, US Customs and Border Protection (CPB) has seized a shipment of OnePlus Buds, believing they were _2,000 counterfeit Apple AirPods,_ as spotted by The Verge. __PB officers at JFK Airport recently seized 2,000 counterf_",Engadget
5,Daily Crunch: Apple launches __xposure Notification Express_ for COVID-19,"Apple and Google are adding support for app-less exposure notifications, Facebook says it might block news sharing in Australia and Samsung has a new foldable phone. This is your Daily Crunch for September 1, 2020. The big story: Apple launches __xposure Noti_",TechCrunch
5,How to Enable 'Express' COVID-19 Exposure Notifications in iOS 13.7,"Apple rolled out iOS 13.7 today. Update your device, and you__l now be able to see if your state supports the COVID-19 Exposure Notifications Express system. More importantly, you__l be able to opt-in to receiving these alerts without having to find and set u_",Lifehacker.com
5,"Apple introduces the Apple Watch SE, a cheaper Apple Watch","In addition to keeping old generation devices at an entry-level price, Apple is introducing a brand new Apple Watch at a cheaper price point. The new Apple Watch SE features the same design as the newly announced Apple Watch Series 6. But it costs $279. __he _",TechCrunch
5,"Apple One bundle offers Arcade, Music, TV+ and iCloud for $15 a month","At its September event today, Apple officially announced its __pple One_ subscription bundle: a combination of Apple Arcade, Apple Music, Apple TV+ and iCloud (50GB) for $14.95 a month.  It__ $19.95 per month, but it includes 200GB of iCloud storage.  If you _",Engadget
5,"Everything Apple Announced: Apple Watch 6, Apple Watch SE, iPad Air, Fitness+","There are two new wearables, two new iPads, and a whole bunch of bundled subscription services.",Wired
5,Watch Apple__ __ime Flies_ event here at 1PM ET,"Apple has been hosting annual iPhone press conferences in September since 2012, but this year is understandably different. While Apple is holding a big launch event today, we probably won__ learn much about the upcoming iPhone 12 series, which has been delaye_",Engadget
5,Apple will let Epic Games users 'sign in with Apple' for a bit longer,"A day before Apple was set to shut down the __ign in with Apple_ prompt for Epic Games users, the company has retreated on its threat. Apple issued an indefinite extension on the matter, meaning for now, Epic Games players can still use __ign in with Apple,_ _",Engadget
5,Here's everything Apple announced at its 'Time Flies' event,"Apple didn__ announce any new iPhones at its latest keynote but it still had plenty of new devices to share, including two new Watch models, and an iPad Air that features a new design. The company also detailed its new Apple One subscription bundles and Fitne_",Engadget
5,Apple will stop letting Epic Games use __ign in with Apple_ on September 11th,"As of September 11th, Apple will no longer allow users to sign into Epic Games accounts using __ign in with Apple._ If you__e using the Apple sign-in feature, make sure to update your Epic Games account email and password before Friday. Apple will no longer a_",Engadget
5,Apple __ime Flies_ 2020 live blog,"At its event, Apple is expected to announce the Apple Watch Series 6, a lower-cost Apple Watch, and a new version of the iPad Air. The iPhone 12 will have to wait until October.",The Verge
5,The Apple Watch doesn't come with a power adapter anymore,"Leading into this fall, plenty of rumors swirled around Apple shipping its next iPhones without a power adapter brick. We don__ yet know if that__l be the case, but today__ Apple event gave us a pretty good sign: all models of the Apple Watch, including the n_",Engadget
5,Apple calls Epic lawsuit a 'campaign to reinvigorate interest in Fortnite',"Apple isn__ holding back in its legal battle with Epic Games. In response to Epic__ request for a preliminary injunction that would force Apple to bring Fortnite back to the App Store, Apple filed a 37-page opposition. The official court document slams Epic r_",Engadget
5,The Apple Watch SE costs $279,"Alongside the Watch Series 6 that we all knew was coming, Apple also unveiled a more affordable alternative at its __ime Flies_ event today. The Apple Watch SE is a $279 smartwatch for those who can__ or don__ want to splurge on the flagship wearable. While i_",Engadget
5,AppleCare+ now covers two incidents of accidental damage per year,"Amid all the Watch and iPad news Apple just dropped, it quietly updated its AppleCare+ policies to make them more generous. The service will now cover two incidents of accidental damage every 12 months, instead of two incidents every 24 months. As MacRumors n_",Engadget
5,Apple releases iOS 13.7 with support for new automatic COVID-19 notification system,"Apple on Tuesday released its latest iOS update, version 13.7, with support for Apple and Google__ new exposure notification system for powering COVID-19 contact tracking.",The Verge
5,Is the Apple One Bundle Worth the Cost?,"The long-anticipated bundle of Apple services is here: Apple One. And while paying a reasonable amount for a few services sounds like a great deal on paper, especially if you__e already a subscriber, it__ always good to remember the following advice. If you___",Lifehacker.com
5,How to Prep Your Devices for iOS 14 and watchOS 7 Today,"Ah, finally. It__ time for Apple__ latest operating systems for iPhone, iPad, Apple Watch, and Apple TV to release to the masses. Public betas, be damned. They should, in theory, arrive around 10 a.m. PT today, but there are a few things you might want to do _",Lifehacker.com
5,The Apple TV app is now available on Vizio SmartCast TVs,"If you own a Vizio TV, you may have felt left out watching sets from manufacturers like Samsung and LG get access to Apple TV. But now you too can use the software on your television. Starting today, the Apple TV app _ through which you can access_Apple TV+___",Engadget
5,Apple experiments with 'Express' store to limit COVID risks,"Apple is experimenting with how its stores work in the wake of COVID-19, creating a new format of store called Apple Express. 9to5Mac reports that the format is currently being trialled at the company__ location in Burlingame, California. The existing store h_",Engadget
5,Apple says its new Apple One services bundle isn__ unfair to Spotify,Spotify _ the music service whose complaints helped launch two official EU antitrust investigations into Apple__ App Store and Apple Pay practices _ has taken offense at Apple__ announcement of an all-in-one subscription bundle that includes its rival Apple M_,The Verge
5,Apple Flinched,"Facebook initiated one of the pettiest corporate feuds against Apple__ supposedly privacy-centric new features, and today Apple capitulated. Read more...",Gizmodo.com
5,Apple announces Fitness Plus virtual workouts,"Apple One will include virtual finesses classes as part of its bundle of subscription services, the company announced during its presentation today. You__l be able to follow along with the classes on your iPhone, iPad, or via Apple TV.",The Verge
5,Apple will release iOS 14 and iPadOS 14 on September 16th,"Apple__ next major software updates for the iPhone and iPad will start rolling out on September 16th. iOS 14 and iPadOS 14 include new ways of customizing the home screen, new Messages features like pinned conversations, and more.",The Verge
5,"Mariah Carey Talks Being Biracial, Finding Unconditional Love in Oprah Interview - Rolling Stone",The Oprah Conversation debuts on Thursday at midnight via Apple TV+,Rolling Stone
5,How to Turn Off Apple Watch's Hand Washing Reminders,Have you washed your hands? Have you really washed your hands? You__e home! Maybe it__ time for a good hand-washing. Do you think your hands are clean enough right now? That__ iOS 14 in a nutshell.Read more...,Lifehacker.com
5,After Math: Quibi wins some Emmys and Ridley Scott's 'Wolves' is renewed,"Woof, what a week it__ been. Not only did Apple reveal a bunch of new wrist-bound and palm-top hardware during its September 2020 Watch event on Tuesday, Sony__ Playstation 5 event followed right on its heels with news that the next-gen gaming console (the di_",Engadget
5,16 Custom iOS 14 Home Screens to Inspire Your Inner Geek,You can now trick out the look of your iPhone__ various pages and customize your app icons much more than Apple has ever allowed you to do before. That__ all thanks to iOS 14 and Apple__ Shortcuts app.Read more...,Lifehacker.com
5,How to Force iOS14 to Use Gmail as Your Default Mail App,"Apple__ latest mobile operating system introduces two new options that will delight anyone who doesn__ want to be wedded to Apple__ web browser and email apps. You can now set your own default web browser and email apps, but not every app supports the feature_",Lifehacker.com
5,Now iOS users can set Gmail as their default email app,"When Apple unveiled iOS 14, it quietly noted that this version of the operating system finally lets users set their own default apps for email and web browsing. Google already updated Chrome on iOS so that those who__e installed the new OS since it was releas_",Engadget
5,"Think Twice Before Using Facebook, Google, or Apple to Sign In Everywhere",So-called single sign-on options offer a lot of convenience. But they have downsides that a good old fashioned password manager doesn't.,Wired
5,You can save up to $15 on the Apple Watch Series 6 or SE at Amazon,You can save up to $15 on the new Apple Watch Series 6 or Apple Watch SE from Amazon. These are the only price drops happening on these products. You can also save $150 on the Beats Studio 3 noise-canceling headphones.,The Verge
5,"Spotify, Epic, Tile, Match, and more are rallying developers against Apple__ App Store policies","The Coalition for App Fairness is a new group of some of Apple__ biggest critics _ including Epic Games, Spotify, Basecamp, Match Group, Tile, Blix, and Deezer _ aiming to __reate a level playing field for app businesses and give people freedom of choice on t_",The Verge
5,Custom iOS 14 widgets have become a TikTok flex,"Since the release of iOS 14 gave people the ability to customize their iPhone home screens, intricate and fannish designs have taken off on TikTok. Some designers are even selling their packets on Etsy.",The Verge
5,Apple__ new iPad and Apple Watch are already (slightly) discounted on Amazon,"By $30 and $15, respectively. Dealmaster also has Switch games, SSDs, and more.",Ars Technica
5,Gillmor Gang: Watch Party,"This Gillmor Gang episode is as much about what we didn__ talk about as what we did. In the run up to the recording session, we somehow suspected we__ talk about Apple__ virtual event on Tuesday. Then, 15 minutes after we finished, RBG lost her battle to keep_",TechCrunch
5,The new NHS COVID-19 app doesn't work on iPhone 6 or earlier models,"The National Health Service (NHS) has launched its long-awaited COVID-19 app in England and Wales. Problem is, the app doesn't work on iPhone 6 and earlier models of the smartphone._
So, what does the app do? Firstly, it provides contact tracing using Bluetoo_",Mashable
5,"Next Year You'll Be Able to Use Microsoft Office Without a Subscription, Thank Goodness","If there__ one thing we could do without next year besides, well (gestures at everything), it__ subscription services. Peacock. Xbox Game Pass. Disney+. Adobe Creative Suite. Apple Arcade. Stadia. HBO Max. CBS All Access. Netflix. Hulu. Spotify. Amazon Prime._",Gizmodo.com
5,Wie_ ta_czy i _piewa. Efekty amatorskiego tuningu iOS 14 robi_ wraenie. Przewanie paskudne,"iPhone jeszcze nigdy nie by_ tak blisko Androida w kwestii personalizacji interfejsu. Funkcja dodana w iOS 14 pozwala na __mian__ ikon aplikacji na ekranie g_wnym, a po sieci hulaj_ ju gotowe zestawy.
Ju nawet pomijaj_c nak_adki producentw, ktre potrafi__",Spidersweb.pl
5,Bypass Siri With This Stick-On Smart Speaker That Brings Google Assistant and Alexa to Your iPhone,"The three most popular AI-powered smart assistants are all available on  the iPhone, but only Siri can hear and acknowledge your voice requests  while the phone is locked. For Alexa and Google Assistant, you have to  be actively using your iPhone and have the_",Gizmodo.com
5,When will Apple launch the iPhone 12? Here's our best guess.,"September has come and (almost) gone, and while Apple did have an event this month, the company did not launch new iPhones as it typically does._
Officially, there's no word on when the iPhone 12 (all four of them) will launch. We know that Apple has had to p_",Mashable
5,Apple critics form coalition to challenge App Store fees - Reuters.com,"A group of Apple Inc's critics - including Spotify Technoloy SA, Match Group Inc and ""Fortnite"" creator Epic Games - have joined a nonprofit group that plans to advocate for legal and regulatory action to challenge the iPhone maker's App Store practices.",Reuters
5,iPhone users are creating custom app icons in iOS 14 to mimic everything from older iPhones to video games _ here's how to do it,"Summary List PlacementApple just released_iOS 14, with some major_updates to home screen organization, plus all kinds of improvements to Messages, Siri, and more.
The new customization options have been well-received by iPhone users. iOS 14 home screen custom_",Business Insider
5,'We're a tech company': Russia's Sberbank bets big on strategy shift - Reuters Canada,"Sberbank <SBER.MM>, Russia's dominant lender, is planning one of the biggest reinventions in its 179-year history as it seeks to join the likes of Apple and Google in the global pantheon of Big Tech.",Reuters
5,"Spotify, Epic, and others join coalition to change Apple's App Store practices","A number of companies have formed a non-profit organization with the goal of forcing Apple to change its App Store practices._
The founding members include Spotify and Epic Games _ both of which have been very vocal about Apple's ""unfair"" App Store fees and o_",Mashable
5,Apple clarifies details on Video Partner Program for developers,"Apple has specified what it requires from video player app developers to qualify for a lower commission percentage, under the Apple Video Partner Program.In a new set of guidelines published on Thursday, Apple says that a program since 2016 has ""enabled premi_",AppleInsider
5,Qu significa ese punto naranja o verde que muestra tu iPhone en la esquina superior?,"Desde sus primeras versiones, iOS ha tenido en mente el control de las aplicaciones que se ejecutan en tu iPhone. El motivo es que esas aplicaciones pueden tener acceso a multitud de archivos, datos o elementos del telfono que conviene vigilar. Por ejemplo, _",Hipertextual
5,"Las mejores ofertas del 25 aniversario de eBay: iPhone SE por menos de 400 euros, Nintendo Switch Fortnite por 300 euros y ms","eBay cumple 25 aos y para celebrarlo ha lanzado el cupn P5GRACIAS, que descuenta un 5% sobre el valor marcado en una seleccin de productos. Si tenemos en cuenta que ciertos productos son top y que ya tenan un precio atractivo, nos encontramos con esto: la_",Xataka.com
5,"""iPhone 12"": Event womglich am 13. Oktober",Noch hat Apple sein 2020er iPhone nicht vorgestellt. Infos aus der Mobilfunkbranche sprechen nun von einem konkreten Termin.,heise online
5,New claimed photos of iPhone 12 braided cable,"New photos have been posted of what is said to be the rumored iPhone 12 braided cable.
It was reliable leaker @L0vetodream who first indicated back in July that the iPhone 12 will be supplied with a fancier and more robust braided cable, and shared photos of _",9to5Mac
5,"Epic, Spotify, Tile and more form Coalition for App Fairness","A number of big developers who object to Apple__ App Store policies have jointly formed the Coalition for App Fairness, a non-profit intended to coordinate efforts to do battle with Apple. Founding members include Epic Games, Spotify and Tile, each of which i_",9to5Mac
5,"New images show braided USB-C to Lightning cable, potentially for 'iPhone 12'","Backing up previous rumors that at least some models in the ""iPhone 12"" range will come with a redesigned USB-C to Lightning cable, a new leak claims to show what the braided cables look like.Braided USB-C to Lightning cableFollowing earlier rumors, a new lea_",AppleInsider
5,"Woot's Fall Electronics Sale discounts 4K TVs, Apple Watch, Echo Dot, more","While Amazon Prime Day might be just around the corner, you don't have to wait a few weeks until you can start saving. Woot is currently running a Fall Electronics Sale that offers big discounts on a bunch of popular tech items from LG OLED 4K TV sets to Appl_",Android Central
5,Epic rejects Apple claims that 'Fortnite' on iOS was dying,"Epic is hitting back at Apple__ claims that the developer__ lawsuit was just an attempt to revitalize sagging interest in Fortnite on iOS. In a newly-filed reply to Apple in a preliminary injunction request to keep Fortnite in the app store, Epic rejected App_",Engadget
5,"19 Best Weekend Deals: Cameras, Apple Gear, and Games","The new 8th-generation iPad is already slightly discounted, alongside headphones, laptops, and PS4 titles like 'Ghosts of Tsushima'.",Wired
5,How to Set Your Own Default Browser and Email App in iOS 14,"Not into Safari or Apple Mail? With the next update, you can (finally) customize your preferences. Here__ what to know before you get started.",Wired
5,How to make the most of iOS 14 widgets and iPhone home screen customization,"You__e probably seen the screenshots going around that show iOS home screens that differ considerably from the stock options that Apple provides. Yes, if you__e an Android user you__e probably laughing at iPhone owners for finally (nearly) catching up to the _",TechCrunch
5,I Lost My Mind Customizing My iPhone Home Screen for the Aesthetic in iOS 14,"I don__ care how cute the photos look. I don__ care how easy Instagram and TikTok tutorials make it seem. For the love of God, please, please, please practice self-care and do not customize your iOS 14 home screens for the aesthetic. Read more...",Gizmodo.com
5,The Fairphone 3+ Is a Repairable Dream That Takes Beautiful Photos,"A few weeks ago, I found myself in need of a repair for a borked camera lens on my iPhone 11. I do everything in my power to essentially encase my Apple products in bubble wrap, but a nearly imperceptible fracture in one lens had greatly impacted the function_",Gizmodo.com2
2,Trump Administration__ Disregard for Wildlife and Culture Spreads Across North America,"The U.S. is shirking diplomatic responsibilities abroad and rolling back environmental protections at home. But the two crises are intersecting along the U.S. borders with Canada and Mexico, with disastrous results for conservation.Read more...",Gizmodo.com
2,China Just Made A Major Carbon Neutrality Promise,"As a way to avoid making commitments to address climate change, U.S. leaders will often make the bad faith argument that their actions aren__ as important as those of the world__ top carbon emitter, China. Well, America, I hate to break it to you, but China j_",Gizmodo.com
2,Trump Demands U.N. Hold China to Account for Coronavirus Pandemic,"In speeches broadcast at this year__ Covid-compromised General Assembly, the presidents of China and the United States punctuated an intensifying schism between the two superpowers.",New York Times
2,Fauci 'cautiously optimistic' about coronavirus vaccine approval by end of 2020 - Fox News,Fauci 'cautiously optimistic' about coronavirus vaccine approval by end of 2020Fox News The latest on the coronavirus pandemic: Live updatesCNN Coronavirus updates: University of Wisconsin-Madison plans in-person classes; Canada contends with 'second wave'; U_,Slashdot.org
2,Bolsas da _sia fecham em baixa com preocupaes sobre covid-19,"As bolsas asiticas fecharam em baixa generalizada nesta quinta-feira, em meio a preocupaes com o impacto da pandemia de coronavrus na recupe",Terra.com.br
2,Coronavirus Briefing: What Happened Today,Experts are urging drug companies to be more transparent about how they__e testing vaccines.,New York Times
2,Coronavirus Briefing: What Lies Ahead,Will the virus resurge with a vengeance?,New York Times
2,Coronavirus Briefing: A Summer of Lost Opportunity,The U.S. failed to stamp out the virus before the dangerous autumn and winter months.,New York Times
2,Does Wearing Glasses Protect You From Coronavirus?,"After researchers noticed fewer nearsighted patients in a hospital ward in China, they speculated that wearing glasses might offer some protection against Covid-19.",New York Times
2,"Capri, Famous Vacation Spot, Touched by Coronavirus","Visitors from the United States make up the largest share of foreign tourists on the Italian island, and this year their absence is denting local businesses.",New York Times
2,Coronavirus: Who will get the vaccine first?,"If scientists succeed in making a coronavirus vaccine, when will we get it, how much will it cost and who will get it first?",BBC News
2,President Death Recorded Saying He Planned to 'Play Down' Virus He Confessed Was 'More Deadly' Than Flu,"At time of writing, the novel coronavirus has killed more than 190,000 Americans.Read more...",Gizmodo.com
2,India__ biggest state__ coronavirus platform reportedly exposed data of millions,"India__ most populous state, Uttar Pradesh (UP), has more than 350,000 coronavirus cases _ with thousands added every day. It__ important for states to monitor those cases, but it__ equally important for them to keep that data safe from attackers. However, UP_",The Next Web
2,"Hell Yes, It's Time to Get Your Flu Shot","Friends: The time has come. It__ the first day of fall, and you can partially fill the coronavirus-vaccine-shaped hole in your heart by getting a flu shot.Read more...",Gizmodo.com
2,"Pentagon Got $1 Billion to Fight Coronavirus, Bought Drones, Jet Parts, and Body Armor Instead: Report","The Pentagon has spent the $1 billion it received through the CARES Act on personal protective equipment, medical gear, and other emergency response supplies to support the nation__ teetering healthcare system. Read more...",Gizmodo.com
2,America__ Hidden Big Cat Problem,"In the small town of Grosse Tte, Louisiana, a Bengal-Siberian hybrid tiger named Tony lived 17 wearisome years confined to a chain-linked, concrete-slabbed cage. His bloodline hailed from halfway across the planet, where tigers prowled as apex predators in t_",Gizmodo.com
2,"As Supreme Court Fight Looms, Biden Keeps Focus on the Coronavirus","President Trump said he would announce his pick on Saturday. As Joe Biden continues focusing on the pandemic, he has adapted his campaign to be more socially distant.",New York Times
2,Coronavirus updates: University of Wisconsin-Madison plans in-person classes; Canada contends with 'second wave'; US nears 7M cases,The University of Wisconsin-Madison will resume some in-person classes Saturday. Canada's 'second wave' of cases. 201K U.S. deaths. Latest COVID news.,USA Today
2,Coronavirus fuels historic legal battle over voting as 2020 U.S. election looms - Reuters,"The Nov. 3 contest between President Donald Trump and Democratic challenger Joe Biden has generated an unprecedented wave of election-related litigation, as both sides seek to shape the rules governing how votes are tallied in key states.",Reuters